talhao_id,data,temp_media,temp_max,temp_min,umidade_media,umidade_min,luminosidade_media,chuva_total_mm,eventos_movimento,folhas_doentes_max,leituras_com_irrigacao,leituras
TAL-01,2026-09-28,24.1,32.0,16.1,49.5,44.2,34.0,0.0,0,7.6,0,48
TAL-01,2026-09-29,24.1,31.4,17.0,40.6,32.8,30.5,6.0,2,6.9,0,48
TAL-01,2026-09-30,24.1,31.3,16.5,38.4,30.4,34.4,0.0,0,6.6,6,48
TAL-01,2026-10-01,23.9,31.6,16.5,40.5,30.6,34.0,0.0,0,6.3,6,48
TAL-01,2026-10-02,24.0,31.1,16.5,39.0,32.7,34.2,0.0,1,5.6,0,48
TAL-01,2026-10-03,24.0,31.6,16.7,36.0,30.2,33.9,6.0,0,6.1,0,48
TAL-01,2026-10-04,24.1,32.4,16.5,38.2,30.0,33.5,0.0,0,7.3,11,48
TAL-02,2026-09-28,26.0,33.3,18.7,48.2,42.3,34.3,0.0,0,8.4,0,48
TAL-02,2026-09-29,26.0,33.5,18.4,41.2,35.2,30.7,6.0,0,9.0,0,48
TAL-02,2026-09-30,26.1,33.3,18.5,37.6,33.1,34.5,0.0,1,8.2,0,48
TAL-02,2026-10-01,26.0,33.3,18.2,26.0,18.9,34.4,0.0,1,6.9,0,48
TAL-02,2026-10-02,26.0,34.0,19.2,14.5,10.9,34.7,0.0,1,6.9,0,48
TAL-02,2026-10-03,26.0,33.9,18.6,17.5,11.0,33.6,6.0,1,6.9,0,48
TAL-02,2026-10-04,26.0,34.1,18.1,7.8,3.0,33.5,0.0,0,8.6,0,48
TAL-03,2026-09-28,26.8,34.2,19.7,41.1,33.0,33.9,0.0,2,3.4,0,48
TAL-03,2026-09-29,27.2,34.2,19.9,44.2,30.5,32.1,6.0,1,4.0,7,46
TAL-03,2026-09-30,27.0,34.6,19.8,43.5,34.5,34.5,0.0,2,6.0,0,48
TAL-03,2026-10-01,36.0,43.3,28.7,37.8,30.1,34.7,0.0,1,5.5,7,48
TAL-03,2026-10-02,36.2,44.4,28.0,37.9,30.3,34.9,0.0,2,4.6,7,47
TAL-03,2026-10-03,36.0,43.5,28.6,38.1,30.2,33.7,6.0,1,4.3,6,48
TAL-03,2026-10-04,36.0,44.1,27.3,40.6,30.3,34.1,0.0,1,3.3,7,48
TAL-04,2026-09-28,24.0,31.4,16.2,45.2,37.5,34.1,0.0,1,6.4,0,48
TAL-04,2026-09-29,24.0,31.5,16.4,37.5,30.4,30.8,6.0,1,7.2,0,47
TAL-04,2026-09-30,24.2,31.6,17.0,38.9,30.9,35.5,0.0,10,23.6,6,47
TAL-04,2026-10-01,23.9,31.8,16.3,40.7,36.2,33.8,0.0,6,41.6,0,48
TAL-04,2026-10-02,24.0,32.0,16.7,36.6,30.3,34.0,0.0,9,58.5,6,48
TAL-04,2026-10-03,24.0,31.8,17.1,49.2,43.3,34.0,6.0,4,75.0,0,48
TAL-04,2026-10-04,24.0,31.6,16.6,38.7,30.3,33.8,0.0,12,75.0,6,48
TAL-05,2026-09-28,12.9,24.3,-0.7,55.2,52.9,33.5,0.0,1,4.0,0,48
TAL-05,2026-09-29,12.8,24.2,-0.7,52.9,47.3,30.6,6.0,1,4.7,0,48
TAL-05,2026-09-30,13.0,25.0,-0.6,53.8,46.9,33.8,0.0,1,4.3,0,48
TAL-05,2026-10-01,12.8,24.3,-0.9,41.1,36.0,34.3,0.0,2,4.2,0,48
TAL-05,2026-10-02,12.9,24.7,-0.7,38.1,30.0,33.9,0.0,1,5.0,6,48
TAL-05,2026-10-03,13.0,25.2,-0.1,53.1,44.6,34.3,6.0,0,4.7,0,48
TAL-05,2026-10-04,12.9,24.6,-0.6,49.7,46.0,34.2,0.0,1,3.2,0,48
TAL-TC,2026-10-04,25.3,37.1,10.9,39.0,18.5,52.1,0.0,2,0.0,7,20
