talhao_id,regra,nivel,inicio,fim,duracao_h,leituras,metrica,valor_pior,ativo_agora,descricao,acao_automatica,recomendacao
TAL-05,TEMPERATURA_EXTREMA,CRITICO,2026-09-28 00:00:00,2026-09-28 07:00:00,7.0,15,temperatura_c,-0.7,False,Temperatura fora da faixa segura (12-35 °C),Frequência de leitura elevada para 5 min; alerta enviado ao gestor,Frio/geada: irrigação noturna de proteção e cobertura das mudas sensíveis
TAL-03,MOVIMENTO_NOTURNO,AVISO,2026-09-28 03:00:00,2026-09-28 03:00:00,0.0,1,movimento_detectado,1.0,False,Movimento detectado pelo PIR durante a noite,Registro de evento gravado; câmera do talhão acionada,Verificar presença de animais ou pragas noturnas na área
TAL-05,TEMPERATURA_EXTREMA,CRITICO,2026-09-28 22:30:00,2026-09-29 08:00:00,9.5,20,temperatura_c,-0.7,False,Temperatura fora da faixa segura (12-35 °C),Frequência de leitura elevada para 5 min; alerta enviado ao gestor,Frio/geada: irrigação noturna de proteção e cobertura das mudas sensíveis
TAL-05,MOVIMENTO_NOTURNO,AVISO,2026-09-28 22:30:00,2026-09-28 22:30:00,0.0,1,movimento_detectado,1.0,False,Movimento detectado pelo PIR durante a noite,Registro de evento gravado; câmera do talhão acionada,Verificar presença de animais ou pragas noturnas na área
TAL-01,DEFICIT_HIDRICO,AVISO,2026-09-29 12:30:00,2026-09-29 14:30:00,2.0,5,umidade_solo_pct,32.8,False,Umidade do solo baixa ou caindo rápido sem chuva,Comando IRRIGACAO_ON enviado ao controlador do talhão (ciclo de 30 min),Confirmar irrigação em campo e manter umidade entre 45-55%
TAL-03,MOVIMENTO_NOTURNO,AVISO,2026-09-29 20:00:00,2026-09-29 20:00:00,0.0,1,movimento_detectado,1.0,False,Movimento detectado pelo PIR durante a noite,Registro de evento gravado; câmera do talhão acionada,Verificar presença de animais ou pragas noturnas na área
TAL-05,TEMPERATURA_EXTREMA,CRITICO,2026-09-29 22:30:00,2026-09-30 07:30:00,9.0,19,temperatura_c,-0.6,False,Temperatura fora da faixa segura (12-35 °C),Frequência de leitura elevada para 5 min; alerta enviado ao gestor,Frio/geada: irrigação noturna de proteção e cobertura das mudas sensíveis
TAL-01,MOVIMENTO_NOTURNO,AVISO,2026-09-29 23:00:00,2026-09-29 23:00:00,0.0,1,movimento_detectado,1.0,False,Movimento detectado pelo PIR durante a noite,Registro de evento gravado; câmera do talhão acionada,Verificar presença de animais ou pragas noturnas na área
TAL-03,MOVIMENTO_NOTURNO,AVISO,2026-09-30 05:00:00,2026-09-30 05:00:00,0.0,1,movimento_detectado,1.0,False,Movimento detectado pelo PIR durante a noite,Registro de evento gravado; câmera do talhão acionada,Verificar presença de animais ou pragas noturnas na área
TAL-04,INFESTACAO,CRITICO,2026-09-30 11:00:00,2026-10-04 23:30:00,108.5,218,perc_folhas_doentes,75.0,True,Praga detectada pela câmera com folhas doentes acima do limite,Talhão marcado como 'Monitoramento Intensivo'; equipe de campo acionada,Inspeção visual e aplicação de controle específico conforme receituário agronômico
TAL-04,DEFICIT_HIDRICO,AVISO,2026-09-30 16:00:00,2026-09-30 16:00:00,0.0,1,umidade_solo_pct,32.8,False,Umidade do solo baixa ou caindo rápido sem chuva,Comando IRRIGACAO_ON enviado ao controlador do talhão (ciclo de 30 min),Confirmar irrigação em campo e manter umidade entre 45-55%
TAL-04,MOVIMENTO_NOTURNO,AVISO,2026-09-30 18:30:00,2026-09-30 19:00:00,0.5,2,movimento_detectado,1.0,False,Movimento detectado pelo PIR durante a noite,Registro de evento gravado; câmera do talhão acionada,Verificar presença de animais ou pragas noturnas na área
TAL-04,MOVIMENTO_NOTURNO,AVISO,2026-09-30 20:00:00,2026-09-30 20:00:00,0.0,1,movimento_detectado,1.0,False,Movimento detectado pelo PIR durante a noite,Registro de evento gravado; câmera do talhão acionada,Verificar presença de animais ou pragas noturnas na área
TAL-04,MOVIMENTO_NOTURNO,AVISO,2026-09-30 22:30:00,2026-09-30 23:00:00,0.5,2,movimento_detectado,1.0,False,Movimento detectado pelo PIR durante a noite,Registro de evento gravado; câmera do talhão acionada,Verificar presença de animais ou pragas noturnas na área
TAL-05,TEMPERATURA_EXTREMA,CRITICO,2026-09-30 22:30:00,2026-10-01 07:30:00,9.0,19,temperatura_c,-0.9,False,Temperatura fora da faixa segura (12-35 °C),Frequência de leitura elevada para 5 min; alerta enviado ao gestor,Frio/geada: irrigação noturna de proteção e cobertura das mudas sensíveis
TAL-04,MOVIMENTO_NOTURNO,AVISO,2026-10-01 05:30:00,2026-10-01 05:30:00,0.0,1,movimento_detectado,1.0,False,Movimento detectado pelo PIR durante a noite,Registro de evento gravado; câmera do talhão acionada,Verificar presença de animais ou pragas noturnas na área
TAL-02,FALHA_IRRIGACAO,CRITICO,2026-10-01 06:00:00,2026-10-03 03:00:00,45.0,91,umidade_solo_pct,10.9,False,Solo seco (<30%) e irrigação não acionou,Ordem de manutenção aberta para o sistema de irrigação; gestor notificado,"Inspecionar bomba, válvulas e linhas de gotejamento imediatamente"
TAL-02,DEFICIT_HIDRICO,CRITICO,2026-10-01 06:00:00,2026-10-03 04:30:00,46.5,94,umidade_solo_pct,10.9,False,Umidade do solo baixa ou caindo rápido sem chuva,Comando IRRIGACAO_ON enviado ao controlador do talhão (ciclo de 30 min),Confirmar irrigação em campo e manter umidade entre 45-55%
TAL-03,TEMPERATURA_EXTREMA,CRITICO,2026-10-01 09:00:00,2026-10-01 21:30:00,12.5,26,temperatura_c,43.3,False,Temperatura fora da faixa segura (12-35 °C),Frequência de leitura elevada para 5 min; alerta enviado ao gestor,Calor: irrigar no fim da tarde e suspender aplicação de defensivos
TAL-04,MOVIMENTO_NOTURNO,AVISO,2026-10-01 19:00:00,2026-10-01 19:00:00,0.0,1,movimento_detectado,1.0,False,Movimento detectado pelo PIR durante a noite,Registro de evento gravado; câmera do talhão acionada,Verificar presença de animais ou pragas noturnas na área
TAL-04,MOVIMENTO_NOTURNO,AVISO,2026-10-01 21:30:00,2026-10-01 21:30:00,0.0,1,movimento_detectado,1.0,False,Movimento detectado pelo PIR durante a noite,Registro de evento gravado; câmera do talhão acionada,Verificar presença de animais ou pragas noturnas na área
TAL-05,MOVIMENTO_NOTURNO,AVISO,2026-10-01 22:00:00,2026-10-01 22:00:00,0.0,1,movimento_detectado,1.0,False,Movimento detectado pelo PIR durante a noite,Registro de evento gravado; câmera do talhão acionada,Verificar presença de animais ou pragas noturnas na área
TAL-03,MOVIMENTO_NOTURNO,AVISO,2026-10-01 22:30:00,2026-10-01 22:30:00,0.0,1,movimento_detectado,1.0,False,Movimento detectado pelo PIR durante a noite,Registro de evento gravado; câmera do talhão acionada,Verificar presença de animais ou pragas noturnas na área
TAL-05,TEMPERATURA_EXTREMA,CRITICO,2026-10-01 22:30:00,2026-10-02 07:30:00,9.0,19,temperatura_c,-0.7,False,Temperatura fora da faixa segura (12-35 °C),Frequência de leitura elevada para 5 min; alerta enviado ao gestor,Frio/geada: irrigação noturna de proteção e cobertura das mudas sensíveis
TAL-04,MOVIMENTO_NOTURNO,AVISO,2026-10-01 23:00:00,2026-10-01 23:00:00,0.0,1,movimento_detectado,1.0,False,Movimento detectado pelo PIR durante a noite,Registro de evento gravado; câmera do talhão acionada,Verificar presença de animais ou pragas noturnas na área
TAL-03,MOVIMENTO_NOTURNO,AVISO,2026-10-02 00:30:00,2026-10-02 01:00:00,0.5,2,movimento_detectado,1.0,False,Movimento detectado pelo PIR durante a noite,Registro de evento gravado; câmera do talhão acionada,Verificar presença de animais ou pragas noturnas na área
TAL-04,MOVIMENTO_NOTURNO,AVISO,2026-10-02 00:30:00,2026-10-02 00:30:00,0.0,1,movimento_detectado,1.0,False,Movimento detectado pelo PIR durante a noite,Registro de evento gravado; câmera do talhão acionada,Verificar presença de animais ou pragas noturnas na área
TAL-04,MOVIMENTO_NOTURNO,AVISO,2026-10-02 02:30:00,2026-10-02 02:30:00,0.0,1,movimento_detectado,1.0,False,Movimento detectado pelo PIR durante a noite,Registro de evento gravado; câmera do talhão acionada,Verificar presença de animais ou pragas noturnas na área
TAL-04,MOVIMENTO_NOTURNO,AVISO,2026-10-02 05:00:00,2026-10-02 05:00:00,0.0,1,movimento_detectado,1.0,False,Movimento detectado pelo PIR durante a noite,Registro de evento gravado; câmera do talhão acionada,Verificar presença de animais ou pragas noturnas na área
TAL-03,TEMPERATURA_EXTREMA,CRITICO,2026-10-02 08:00:00,2026-10-02 21:30:00,13.5,28,temperatura_c,44.4,False,Temperatura fora da faixa segura (12-35 °C),Frequência de leitura elevada para 5 min; alerta enviado ao gestor,Calor: irrigar no fim da tarde e suspender aplicação de defensivos
TAL-04,MOVIMENTO_NOTURNO,AVISO,2026-10-02 19:30:00,2026-10-02 19:30:00,0.0,1,movimento_detectado,1.0,False,Movimento detectado pelo PIR durante a noite,Registro de evento gravado; câmera do talhão acionada,Verificar presença de animais ou pragas noturnas na área
TAL-04,MOVIMENTO_NOTURNO,AVISO,2026-10-02 20:30:00,2026-10-02 20:30:00,0.0,1,movimento_detectado,1.0,False,Movimento detectado pelo PIR durante a noite,Registro de evento gravado; câmera do talhão acionada,Verificar presença de animais ou pragas noturnas na área
TAL-05,TEMPERATURA_EXTREMA,CRITICO,2026-10-02 22:30:00,2026-10-03 07:30:00,9.0,19,temperatura_c,-0.1,False,Temperatura fora da faixa segura (12-35 °C),Frequência de leitura elevada para 5 min; alerta enviado ao gestor,Frio/geada: irrigação noturna de proteção e cobertura das mudas sensíveis
TAL-03,DEFICIT_HIDRICO,AVISO,2026-10-03 01:30:00,2026-10-03 01:30:00,0.0,1,umidade_solo_pct,33.9,False,Umidade do solo baixa ou caindo rápido sem chuva,Comando IRRIGACAO_ON enviado ao controlador do talhão (ciclo de 30 min),Confirmar irrigação em campo e manter umidade entre 45-55%
TAL-04,MOVIMENTO_NOTURNO,AVISO,2026-10-03 04:30:00,2026-10-03 04:30:00,0.0,1,movimento_detectado,1.0,False,Movimento detectado pelo PIR durante a noite,Registro de evento gravado; câmera do talhão acionada,Verificar presença de animais ou pragas noturnas na área
TAL-02,MOVIMENTO_NOTURNO,AVISO,2026-10-03 05:00:00,2026-10-03 05:00:00,0.0,1,movimento_detectado,1.0,False,Movimento detectado pelo PIR durante a noite,Registro de evento gravado; câmera do talhão acionada,Verificar presença de animais ou pragas noturnas na área
TAL-03,TEMPERATURA_EXTREMA,CRITICO,2026-10-03 09:00:00,2026-10-03 21:30:00,12.5,26,temperatura_c,43.5,False,Temperatura fora da faixa segura (12-35 °C),Frequência de leitura elevada para 5 min; alerta enviado ao gestor,Calor: irrigar no fim da tarde e suspender aplicação de defensivos
TAL-03,DEFICIT_HIDRICO,AVISO,2026-10-03 12:00:00,2026-10-03 18:30:00,6.5,14,umidade_solo_pct,31.5,False,Umidade do solo baixa ou caindo rápido sem chuva,Comando IRRIGACAO_ON enviado ao controlador do talhão (ciclo de 30 min),Confirmar irrigação em campo e manter umidade entre 45-55%
TAL-02,DEFICIT_HIDRICO,CRITICO,2026-10-03 12:30:00,2026-10-04 23:30:00,35.0,71,umidade_solo_pct,3.0,True,Umidade do solo baixa ou caindo rápido sem chuva,Comando IRRIGACAO_ON enviado ao controlador do talhão (ciclo de 30 min),Confirmar irrigação em campo e manter umidade entre 45-55%
TAL-05,TEMPERATURA_EXTREMA,CRITICO,2026-10-03 22:30:00,2026-10-04 07:30:00,9.0,19,temperatura_c,-0.6,False,Temperatura fora da faixa segura (12-35 °C),Frequência de leitura elevada para 5 min; alerta enviado ao gestor,Frio/geada: irrigação noturna de proteção e cobertura das mudas sensíveis
TAL-04,MOVIMENTO_NOTURNO,AVISO,2026-10-04 01:00:00,2026-10-04 01:00:00,0.0,1,movimento_detectado,1.0,False,Movimento detectado pelo PIR durante a noite,Registro de evento gravado; câmera do talhão acionada,Verificar presença de animais ou pragas noturnas na área
TAL-05,MOVIMENTO_NOTURNO,AVISO,2026-10-04 01:00:00,2026-10-04 01:00:00,0.0,1,movimento_detectado,1.0,False,Movimento detectado pelo PIR durante a noite,Registro de evento gravado; câmera do talhão acionada,Verificar presença de animais ou pragas noturnas na área
TAL-04,MOVIMENTO_NOTURNO,AVISO,2026-10-04 02:30:00,2026-10-04 02:30:00,0.0,1,movimento_detectado,1.0,False,Movimento detectado pelo PIR durante a noite,Registro de evento gravado; câmera do talhão acionada,Verificar presença de animais ou pragas noturnas na área
TAL-04,MOVIMENTO_NOTURNO,AVISO,2026-10-04 04:00:00,2026-10-04 04:00:00,0.0,1,movimento_detectado,1.0,False,Movimento detectado pelo PIR durante a noite,Registro de evento gravado; câmera do talhão acionada,Verificar presença de animais ou pragas noturnas na área
TAL-02,FALHA_IRRIGACAO,CRITICO,2026-10-04 05:00:00,2026-10-04 23:30:00,18.5,38,umidade_solo_pct,3.0,True,Solo seco (<30%) e irrigação não acionou,Ordem de manutenção aberta para o sistema de irrigação; gestor notificado,"Inspecionar bomba, válvulas e linhas de gotejamento imediatamente"
TAL-03,TEMPERATURA_EXTREMA,CRITICO,2026-10-04 08:00:00,2026-10-04 21:00:00,13.0,27,temperatura_c,44.1,False,Temperatura fora da faixa segura (12-35 °C),Frequência de leitura elevada para 5 min; alerta enviado ao gestor,Calor: irrigar no fim da tarde e suspender aplicação de defensivos
TAL-TC,DEFICIT_HIDRICO,CRITICO,2026-10-04 12:00:08,2026-10-04 12:00:22,0.0,8,umidade_solo_pct,18.5,False,Umidade do solo baixa ou caindo rápido sem chuva,Comando IRRIGACAO_ON enviado ao controlador do talhão (ciclo de 30 min),Confirmar irrigação em campo e manter umidade entre 45-55%
TAL-TC,TEMPERATURA_EXTREMA,ATENCAO,2026-10-04 12:00:16,2026-10-04 12:00:20,0.0,3,temperatura_c,37.1,False,Temperatura fora da faixa segura (12-35 °C),Frequência de leitura elevada para 5 min; alerta enviado ao gestor,Calor: irrigar no fim da tarde e suspender aplicação de defensivos
TAL-TC,MOVIMENTO_NOTURNO,AVISO,2026-10-04 12:00:30,2026-10-04 12:00:32,0.0,2,movimento_detectado,1.0,False,Movimento detectado pelo PIR durante a noite,Registro de evento gravado; câmera do talhão acionada,Verificar presença de animais ou pragas noturnas na área
TAL-TC,TEMPERATURA_EXTREMA,AVISO,2026-10-04 12:00:36,2026-10-04 12:00:38,0.0,2,temperatura_c,10.9,True,Temperatura fora da faixa segura (12-35 °C),Frequência de leitura elevada para 5 min; alerta enviado ao gestor,Frio/geada: irrigação noturna de proteção e cobertura das mudas sensíveis
TAL-01,DEFICIT_HIDRICO,AVISO,2026-10-04 13:00:00,2026-10-04 18:00:00,5.0,11,umidade_solo_pct,33.3,False,Umidade do solo baixa ou caindo rápido sem chuva,Comando IRRIGACAO_ON enviado ao controlador do talhão (ciclo de 30 min),Confirmar irrigação em campo e manter umidade entre 45-55%
TAL-03,DEFICIT_HIDRICO,AVISO,2026-10-04 13:00:00,2026-10-04 16:30:00,3.5,8,umidade_solo_pct,30.3,False,Umidade do solo baixa ou caindo rápido sem chuva,Comando IRRIGACAO_ON enviado ao controlador do talhão (ciclo de 30 min),Confirmar irrigação em campo e manter umidade entre 45-55%
TAL-04,MOVIMENTO_NOTURNO,AVISO,2026-10-04 21:00:00,2026-10-04 22:00:00,1.0,3,movimento_detectado,1.0,False,Movimento detectado pelo PIR durante a noite,Registro de evento gravado; câmera do talhão acionada,Verificar presença de animais ou pragas noturnas na área
TAL-05,TEMPERATURA_EXTREMA,CRITICO,2026-10-04 22:00:00,2026-10-04 23:30:00,1.5,4,temperatura_c,2.0,True,Temperatura fora da faixa segura (12-35 °C),Frequência de leitura elevada para 5 min; alerta enviado ao gestor,Frio/geada: irrigação noturna de proteção e cobertura das mudas sensíveis
TAL-04,MOVIMENTO_NOTURNO,AVISO,2026-10-04 23:00:00,2026-10-04 23:30:00,0.5,2,movimento_detectado,1.0,True,Movimento detectado pelo PIR durante a noite,Registro de evento gravado; câmera do talhão acionada,Verificar presença de animais ou pragas noturnas na área
